,Path,SL_Tracker,Unnamed: 0,Pi_dam,Pi_psi,Pi_sto,Pi_soft,V_dam,V_loc_Strain,V_loc_StrainRate,D_loc,Pi_WR,Pi_eta_SL,Pi_eta_Dam,iloc
0,/home/saezf/scratch_rheovolution/POST_PAPER/POST_test_PAPER_Mar2026_BASE_4Mesh/test_PAPER_Mar2026_BASE_4Mesh_mean1_1.5e+09_std1_0.25/threshold_1.0,0.998373738720724,1,0.25,-0.0001961168856638,0.25,0.0927618343554396,0.2874980727595317,0.2273101531850934,0.1896594821084109,2.6340749657343467,0.0938305401181972,0.8564665671103988,0.6866659679635045,0.8559953801045019
1,/home/saezf/scratch_rheovolution/POST_PAPER/POST_test_PAPER_Mar2026_BASE_4Mesh/test_PAPER_Mar2026_BASE_4Mesh_mean1_1.8e+09_std1_0.25/threshold_1.0,0.9991505885765809,2,0.125,-0.0001961168856638,0.25,0.0427300499362041,0.3797595427481115,0.3555892390284137,0.3386088211000844,1.4766927538813943,0.040573578340943,0.3607027321328253,0.2982860601305148,0.5413957030532284
2,/home/saezf/scratch_rheovolution/POST_PAPER/POST_test_PAPER_Mar2026_BASE_4Mesh/test_PAPER_Mar2026_BASE_4Mesh_mean1_1.2e+09_std1_0.25/threshold_1.0,0.9971268068528839,3,0.375,-0.0001961168856638,0.25,0.1600696534953935,0.2357275121377832,0.1264759060346593,0.1216669331223223,4.095294645812016,0.173062426406487,1.3759518074503454,1.1020791052859007,0.9405820857130548
3,/home/saezf/scratch_rheovolution/POST_PAPER/POST_test_PAPER_Mar2026_BASE_4Mesh/test_PAPER_Mar2026_BASE_4Mesh_mean1_1e+09_std1_0.25/threshold_1.0,0.9971215371999882,4,0.5,-0.0001961168856638,0.25,0.236782015136859,0.1889988900438893,0.084433608686449,0.0816242370665049,6.096605881301045,0.2730148189086562,2.050559889997494,1.5333826433493076,0.9732230560230716
4,/home/saezf/scratch_rheovolution/POST_PAPER/POST_test_PAPER_Mar2026_BASE_4Mesh/test_PAPER_Mar2026_BASE_4Mesh_mean1_7.5e+08_std1_0.25/threshold_1.0,0.9910631665365236,5,0.625,-0.0001961168856638,0.25,0.3271752559975908,0.105563836402541,0.0549641426421146,0.0308640975527352,15.95056416969678,0.3843125955673027,3.142044822874638,2.053030753568597,0.9961300306090274
