,Path,Pi_dam,Pi_psi,Pi_sto,Variable_Mean,Variable_STD,STD_Mean_Ratio
0,/home/saezf/scratch_rheovolution/POST_test_PAPER_Mar2026_2Mesh/test_PAPER_Mar2026_BASE_2Mesh_mean1_1.8e+09_std1_0.25/threshold_1.0,0.125,-0.0001961168856638,0.25,212119471.6878824,287341.71335876285,0.0013546220489440227
1,/home/saezf/scratch_rheovolution/POST_test_PAPER_Mar2026_2Mesh/test_PAPER_Mar2026_BASE_2Mesh_mean1_1e+09_std1_0.25/threshold_1.0,0.5,-0.0001961168856638,0.25,169286461.06273445,434016.69535080047,0.0025638003926962702
2,/home/saezf/scratch_rheovolution/POST_test_PAPER_Mar2026_2Mesh/test_PAPER_Mar2026_BASE_2Mesh_mean1_7.5e+08_std1_0.25/threshold_1.0,0.625,-0.0001961168856638,0.25,148468605.84108445,589116.5140213275,0.003967953431528124
3,/home/saezf/scratch_rheovolution/POST_test_PAPER_Mar2026_2Mesh/test_PAPER_Mar2026_BASE_2Mesh_mean1_1.5e+09_std1_0.25/threshold_1.0,0.25,-0.0001961168856638,0.25,200813740.84211904,225469.057156223,0.0011227770381185623
4,/home/saezf/scratch_rheovolution/POST_test_PAPER_Mar2026_2Mesh/test_PAPER_Mar2026_BASE_2Mesh_mean1_1.2e+09_std1_0.25/threshold_1.0,0.375,-0.0001961168856638,0.25,185555402.6497439,176341.31796346643,0.0009503432152623975
