,Path,Pi_dam,Pi_psi,Pi_sto,Pi_soft,V_dam,V_loc_Strain,V_loc_StrainRate,D_loc,Pi_WR,Pi_eta_SL,Pi_eta_Dam,iloc
1,/home/saezf/scratch_rheovolution/POST_test_PAPER_Mar2026_2Mesh/test_PAPER_Mar2026_BASE_2Mesh_mean1_1.8e+09_std1_0.25/threshold_1.0,0.125,-0.0001961168856638995,0.25,0.04489308101263101,0.3922438572700668,0.3576555937885757,0.3282986146067145,1.523266439109347,0.04263200914661054,0.3977761518435603,0.3225060102735817,0.5689544439793861
2,/home/saezf/scratch_rheovolution/POST_test_PAPER_Mar2026_2Mesh/test_PAPER_Mar2026_BASE_2Mesh_mean1_1e+09_std1_0.25/threshold_1.0,0.5,-0.0001961168856638995,0.25,0.23484707602685925,0.1471780822025403,0.0717850928289726,0.0566267235655822,8.852763514818912,0.2612925588973572,2.1694671806193,1.592135387553256,0.9872069950878518
3,/home/saezf/scratch_rheovolution/POST_test_PAPER_Mar2026_2Mesh/test_PAPER_Mar2026_BASE_2Mesh_mean1_7.5e+08_std1_0.25/threshold_1.0,0.625,-0.0001961168856638995,0.25,0.32619709916433476,0.1063712751618354,0.0430580611080239,0.0347885413819461,14.384122197193284,0.39311105123107387,3.0839803409241195,2.123419337102007,0.9951629246602572
4,/home/saezf/scratch_rheovolution/POST_test_PAPER_Mar2026_2Mesh/test_PAPER_Mar2026_BASE_2Mesh_mean1_1.5e+09_std1_0.25/threshold_1.0,0.25,-0.0001961168856638995,0.25,0.09551451245359086,0.3035426596283712,0.2273637228968974,0.2018134929471736,2.4835398801372404,0.09626740307900339,0.8548771237033854,0.6888678876380165,0.8374791606438617
5,/home/saezf/scratch_rheovolution/POST_test_PAPER_Mar2026_2Mesh/test_PAPER_Mar2026_BASE_2Mesh_mean1_1.2e+09_std1_0.25/threshold_1.0,0.375,-0.0001961168856638995,0.25,0.1620624688439416,0.2240565794622754,0.1324676027238746,0.1122080037869388,4.417935496571806,0.17113432803232564,1.4246233595505444,1.1270989605310415,0.9492034214288512
