,Path,Pi_dam,Pi_psi,Pi_sto,Variable_Mean,Variable_STD,STD_Mean_Ratio
0,/home/saezf/scratch_rheovolution/POST_test_PAPER_Mar2026_2Mesh/test_PAPER_Mar2026_BASE_2Mesh_mean1_1.8e+09_std1_0.25/threshold_1.0,0.125,-0.0001961168856638,0.25,0.38952756203248157,0.0012771011492823336,0.0032785899478297758
1,/home/saezf/scratch_rheovolution/POST_test_PAPER_Mar2026_2Mesh/test_PAPER_Mar2026_BASE_2Mesh_mean1_1e+09_std1_0.25/threshold_1.0,0.5,-0.0001961168856638,0.25,0.14775506712762057,0.0005827005342817707,0.003943692393158162
2,/home/saezf/scratch_rheovolution/POST_test_PAPER_Mar2026_2Mesh/test_PAPER_Mar2026_BASE_2Mesh_mean1_7.5e+08_std1_0.25/threshold_1.0,0.625,-0.0001961168856638,0.25,0.106321701208972,0.0004518055223579233,0.004249419612557869
3,/home/saezf/scratch_rheovolution/POST_test_PAPER_Mar2026_2Mesh/test_PAPER_Mar2026_BASE_2Mesh_mean1_1.5e+09_std1_0.25/threshold_1.0,0.25,-0.0001961168856638,0.25,0.30344949060802573,0.0014328923820970665,0.004722012810850205
4,/home/saezf/scratch_rheovolution/POST_test_PAPER_Mar2026_2Mesh/test_PAPER_Mar2026_BASE_2Mesh_mean1_1.2e+09_std1_0.25/threshold_1.0,0.375,-0.0001961168856638,0.25,0.22581657615486264,0.0010133187534353005,0.004487353278885856
