,Path,Pi_dam,Pi_psi,Pi_sto,Variable_Mean,Variable_STD,STD_Mean_Ratio
0,/home/saezf/scratch_rheovolution/POST_test_PAPER_Mar2026_2Mesh/test_PAPER_Mar2026_BASE_2Mesh_mean1_1.8e+09_std1_0.25/threshold_1.0,0.125,-0.0001961168856638,0.25,0.3279913885616815,0.0027399935482486236,0.008353858192021847
1,/home/saezf/scratch_rheovolution/POST_test_PAPER_Mar2026_2Mesh/test_PAPER_Mar2026_BASE_2Mesh_mean1_1e+09_std1_0.25/threshold_1.0,0.5,-0.0001961168856638,0.25,0.057697681975531344,0.0006215482314951452,0.010772499175248215
2,/home/saezf/scratch_rheovolution/POST_test_PAPER_Mar2026_2Mesh/test_PAPER_Mar2026_BASE_2Mesh_mean1_7.5e+08_std1_0.25/threshold_1.0,0.625,-0.0001961168856638,0.25,0.03567705023861781,0.0011091925319356042,0.0310898049170832
3,/home/saezf/scratch_rheovolution/POST_test_PAPER_Mar2026_2Mesh/test_PAPER_Mar2026_BASE_2Mesh_mean1_1.5e+09_std1_0.25/threshold_1.0,0.25,-0.0001961168856638,0.25,0.20031088196163022,0.0012193988882473685,0.006087531921909993
4,/home/saezf/scratch_rheovolution/POST_test_PAPER_Mar2026_2Mesh/test_PAPER_Mar2026_BASE_2Mesh_mean1_1.2e+09_std1_0.25/threshold_1.0,0.375,-0.0001961168856638,0.25,0.1143899899114377,0.0015933028521491494,0.013928691255088896
