,Path,SL_Tracker,Unnamed: 0,Pi_dam,Pi_psi,Pi_sto,Pi_soft,V_dam,V_loc_Strain,V_loc_StrainRate,D_loc,Pi_WR,Pi_eta_SL,Pi_eta_Dam,iloc
0,/home/saezf/scratch_rheovolution/POST_test_PAPER_Mar2026_0.5Mesh/test_PAPER_Mar2026_BASE_0.5Mesh_mean1_1.5e+09_std1_0.25/threshold_1.0,0.9979293267587357,1,0.25,-0.0001961168856638,0.25,0.0866937957703822,0.2702680010841762,0.2144992127589799,0.1886094634007931,2.645688767553448,0.0868549733095123,0.8521520205281536,0.6687829240865568,0.8574212766717786
1,/home/saezf/scratch_rheovolution/POST_test_PAPER_Mar2026_0.5Mesh/test_PAPER_Mar2026_BASE_0.5Mesh_mean1_1.8e+09_std1_0.25/threshold_1.0,0.9982647710650234,2,0.125,-0.0001961168856638,0.25,0.0403811563340574,0.3613626968321026,0.3605081580397611,0.3333909128014381,1.4997326095914671,0.0380132890159789,0.3783343579157172,0.2922959835997751,0.5553995283302466
2,/home/saezf/scratch_rheovolution/POST_test_PAPER_Mar2026_0.5Mesh/test_PAPER_Mar2026_BASE_0.5Mesh_mean1_1e+09_std1_0.25/threshold_1.0,0.9975590054262747,3,0.5,-0.0001961168856638,0.25,0.2400871563271961,0.1260824057139683,0.0640273306489642,0.0506987484720562,9.858480668801096,0.2456159810887008,2.337344856319365,1.6557358439246794,0.9897146933335272
3,/home/saezf/scratch_rheovolution/POST_test_PAPER_Mar2026_0.5Mesh/test_PAPER_Mar2026_BASE_0.5Mesh_mean1_7.5e+08_std1_0.25/threshold_1.0,0.9982286503673311,4,0.625,-0.0001961168856638,0.25,-1000000.0,-1000000.0,-1000000.0,-1000000.0,-1000000.0,-1000000.0,-1000000.0,-1000000.0,-1000000.0
4,/home/saezf/scratch_rheovolution/POST_test_PAPER_Mar2026_0.5Mesh/test_PAPER_Mar2026_BASE_0.5Mesh_mean1_1.2e+09_std1_0.25/threshold_1.0,0.9977422599314921,5,0.375,-0.0001961168856638,0.25,0.1516793426017433,0.1951911024037134,0.1248809220313207,0.0991560078244124,5.047126786654771,0.1549997315058982,1.4902613979679329,1.1211295467168476,0.9607079385893008
