,Path,Pi_dam,Pi_psi,Pi_sto,Variable_Mean,Variable_STD,STD_Mean_Ratio
0,/home/saezf/scratch_rheovolution/POST_test_PAPER_Mar2026_0.5Mesh/test_PAPER_Mar2026_BASE_0.5Mesh_mean1_1.5e+09_std1_0.25/threshold_1.0,0.25,-0.0001961168856638,0.25,0.27170902084768944,0.0010113754408078587,0.0037222740623499588
1,/home/saezf/scratch_rheovolution/POST_test_PAPER_Mar2026_0.5Mesh/test_PAPER_Mar2026_BASE_0.5Mesh_mean1_1.8e+09_std1_0.25/threshold_1.0,0.125,-0.0001961168856638,0.25,0.3627091370934172,0.0021416718807267554,0.005904653789229355
2,/home/saezf/scratch_rheovolution/POST_test_PAPER_Mar2026_0.5Mesh/test_PAPER_Mar2026_BASE_0.5Mesh_mean1_1e+09_std1_0.25/threshold_1.0,0.5,-0.0001961168856638,0.25,0.12740701886592976,0.0007322809139704578,0.005747571213019559
3,/home/saezf/scratch_rheovolution/POST_test_PAPER_Mar2026_0.5Mesh/test_PAPER_Mar2026_BASE_0.5Mesh_mean1_7.5e+08_std1_0.25/threshold_1.0,0.625,-0.0001961168856638,0.25,-1000000.0,0.0,-0.0
4,/home/saezf/scratch_rheovolution/POST_test_PAPER_Mar2026_0.5Mesh/test_PAPER_Mar2026_BASE_0.5Mesh_mean1_1.2e+09_std1_0.25/threshold_1.0,0.375,-0.0001961168856638,0.25,0.19823575071016897,0.001547646642046777,0.007807101577300844
