,Path,Pi_dam,Pi_psi,Pi_sto,Variable_Mean,Variable_STD,STD_Mean_Ratio
0,/home/saezf/scratch_rheovolution/POST_test_PAPER_Mar2026_0.5Mesh/test_PAPER_Mar2026_BASE_0.5Mesh_mean1_1.5e+09_std1_0.25/threshold_1.0,0.25,-0.0001961168856638,0.25,0.1893737628792041,0.0015079980640384759,0.00796307810074188
1,/home/saezf/scratch_rheovolution/POST_test_PAPER_Mar2026_0.5Mesh/test_PAPER_Mar2026_BASE_0.5Mesh_mean1_1.8e+09_std1_0.25/threshold_1.0,0.125,-0.0001961168856638,0.25,0.33279493052597864,0.0030874353736904388,0.009277290879433716
2,/home/saezf/scratch_rheovolution/POST_test_PAPER_Mar2026_0.5Mesh/test_PAPER_Mar2026_BASE_0.5Mesh_mean1_1e+09_std1_0.25/threshold_1.0,0.5,-0.0001961168856638,0.25,0.048659427083195844,0.0011422930611028636,0.023475267375216297
3,/home/saezf/scratch_rheovolution/POST_test_PAPER_Mar2026_0.5Mesh/test_PAPER_Mar2026_BASE_0.5Mesh_mean1_7.5e+08_std1_0.25/threshold_1.0,0.625,-0.0001961168856638,0.25,-1000000.0,0.0,-0.0
4,/home/saezf/scratch_rheovolution/POST_test_PAPER_Mar2026_0.5Mesh/test_PAPER_Mar2026_BASE_0.5Mesh_mean1_1.2e+09_std1_0.25/threshold_1.0,0.375,-0.0001961168856638,0.25,0.09772758790284398,0.0014895020533054726,0.015241367205197606
