,Path,Pi_dam,Pi_psi,Pi_sto,Variable_Mean,Variable_STD,STD_Mean_Ratio
0,/home/saezf/scratch_rheovolution/POST_test_PAPER_Mar2026_4Mesh/test_PAPER_Mar2026_BASE_4Mesh_mean1_7.5e+08_std1_0.25/threshold_1.0,0.625,-0.0001961168856638,0.25,148539831.61181447,562695.8691435056,0.003788181681894072
1,/home/saezf/scratch_rheovolution/POST_test_PAPER_Mar2026_4Mesh/test_PAPER_Mar2026_BASE_4Mesh_mean1_1.2e+09_std1_0.25/threshold_1.0,0.375,-0.0001961168856638,0.25,186631812.99193138,318130.8760709488,0.0017045908249559922
2,/home/saezf/scratch_rheovolution/POST_test_PAPER_Mar2026_4Mesh/test_PAPER_Mar2026_BASE_4Mesh_mean1_1.5e+09_std1_0.25/threshold_1.0,0.25,-0.0001961168856638,0.25,201703467.9088393,260232.4019056481,0.0012901731665975183
3,/home/saezf/scratch_rheovolution/POST_test_PAPER_Mar2026_4Mesh/test_PAPER_Mar2026_BASE_4Mesh_mean1_1e+09_std1_0.25/threshold_1.0,0.5,-0.0001961168856638,0.25,169321841.25836307,386374.5810832476,0.0022818945164533757
4,/home/saezf/scratch_rheovolution/POST_test_PAPER_Mar2026_4Mesh/test_PAPER_Mar2026_BASE_4Mesh_mean1_1.8e+09_std1_0.25/threshold_1.0,0.125,-0.0001961168856638,0.25,212519516.66421738,156415.09849950374,0.0007360034549045249
