,Path,Pi_dam,Pi_psi,Pi_sto,Pi_soft,V_dam,V_loc_Strain,V_loc_StrainRate,D_loc,Pi_WR,Pi_eta_SL,Pi_eta_Dam,iloc
1,/home/saezf/scratch_rheovolution/POST_test_PAPER_Mar2026_4Mesh/test_PAPER_Mar2026_BASE_4Mesh_mean1_7.5e+08_std1_0.25/threshold_1.0,0.625,-0.0001961168856638995,0.25,0.3271752559975908,0.105563836402541,0.0549641426421146,0.0308640975527352,15.95056416969678,0.3843125955673027,3.142044822874638,2.0530307535685974,0.9961300306090274
2,/home/saezf/scratch_rheovolution/POST_test_PAPER_Mar2026_4Mesh/test_PAPER_Mar2026_BASE_4Mesh_mean1_1.2e+09_std1_0.25/threshold_1.0,0.375,-0.0001961168856638995,0.25,0.16006965349539354,0.2357275121377832,0.1264759060346593,0.1216669331223223,4.095294645812016,0.17306242640648706,1.3759518074503454,1.1020791052859007,0.9405820857130548
3,/home/saezf/scratch_rheovolution/POST_test_PAPER_Mar2026_4Mesh/test_PAPER_Mar2026_BASE_4Mesh_mean1_1.5e+09_std1_0.25/threshold_1.0,0.25,-0.0001961168856638995,0.25,0.09276183435543961,0.2874980727595317,0.2273101531850934,0.1896594821084109,2.6340749657343467,0.09383054011819722,0.8564665671103988,0.6866659679635045,0.8559953801045019
4,/home/saezf/scratch_rheovolution/POST_test_PAPER_Mar2026_4Mesh/test_PAPER_Mar2026_BASE_4Mesh_mean1_1e+09_std1_0.25/threshold_1.0,0.5,-0.0001961168856638995,0.25,0.236782015136859,0.1889988900438893,0.084433608686449,0.0816242370665049,6.096605881301045,0.27301481890865625,2.050559889997494,1.5333826433493076,0.9732230560230716
5,/home/saezf/scratch_rheovolution/POST_test_PAPER_Mar2026_4Mesh/test_PAPER_Mar2026_BASE_4Mesh_mean1_1.8e+09_std1_0.25/threshold_1.0,0.125,-0.0001961168856638995,0.25,0.04273004993620411,0.3797595427481115,0.3555892390284137,0.3386088211000844,1.4766927538813943,0.04057357834094304,0.36070273213282533,0.29828606013051484,0.5413957030532284
