,Path,Pi_dam,Pi_psi,Pi_sto,Variable_Mean,Variable_STD,STD_Mean_Ratio
0,/home/saezf/scratch_rheovolution/POST_test_PAPER_Mar2026_4Mesh/test_PAPER_Mar2026_BASE_4Mesh_mean1_7.5e+08_std1_0.25/threshold_1.0,0.625,-0.0001961168856638,0.25,0.10950508554145996,0.002614111186253616,0.02387205282136309
1,/home/saezf/scratch_rheovolution/POST_test_PAPER_Mar2026_4Mesh/test_PAPER_Mar2026_BASE_4Mesh_mean1_1.2e+09_std1_0.25/threshold_1.0,0.375,-0.0001961168856638,0.25,0.2336549787015263,0.0016233028953251338,0.0069474355066012124
2,/home/saezf/scratch_rheovolution/POST_test_PAPER_Mar2026_4Mesh/test_PAPER_Mar2026_BASE_4Mesh_mean1_1.5e+09_std1_0.25/threshold_1.0,0.25,-0.0001961168856638,0.25,0.28592848349346084,0.0019005710476787164,0.00664701545105835
3,/home/saezf/scratch_rheovolution/POST_test_PAPER_Mar2026_4Mesh/test_PAPER_Mar2026_BASE_4Mesh_mean1_1e+09_std1_0.25/threshold_1.0,0.5,-0.0001961168856638,0.25,0.1879225751102246,0.0007885747746201778,0.004196274844348238
4,/home/saezf/scratch_rheovolution/POST_test_PAPER_Mar2026_4Mesh/test_PAPER_Mar2026_BASE_4Mesh_mean1_1.8e+09_std1_0.25/threshold_1.0,0.125,-0.0001961168856638,0.25,0.3814552840967396,0.003817475335313419,0.010007661433640755
