,Path,Pi_dam,Pi_psi,Pi_sto,Variable_Mean,Variable_STD,STD_Mean_Ratio
0,/home/saezf/scratch_rheovolution/POST_test_PAPER_Mar2026_4Mesh/test_PAPER_Mar2026_BASE_4Mesh_mean1_7.5e+08_std1_0.25/threshold_1.0,0.625,-0.0001961168856638,0.25,0.03282330943381524,0.0010306009490953264,0.031398447227675964
1,/home/saezf/scratch_rheovolution/POST_test_PAPER_Mar2026_4Mesh/test_PAPER_Mar2026_BASE_4Mesh_mean1_1.2e+09_std1_0.25/threshold_1.0,0.375,-0.0001961168856638,0.25,0.12332773578726859,0.0016589868275255688,0.013451855066788875
2,/home/saezf/scratch_rheovolution/POST_test_PAPER_Mar2026_4Mesh/test_PAPER_Mar2026_BASE_4Mesh_mean1_1.5e+09_std1_0.25/threshold_1.0,0.25,-0.0001961168856638,0.25,0.19418077201561149,0.0023821006248546826,0.012267438223302406
3,/home/saezf/scratch_rheovolution/POST_test_PAPER_Mar2026_4Mesh/test_PAPER_Mar2026_BASE_4Mesh_mean1_1e+09_std1_0.25/threshold_1.0,0.5,-0.0001961168856638,0.25,0.0810965171525699,0.001680616268600453,0.02072365531356479
4,/home/saezf/scratch_rheovolution/POST_test_PAPER_Mar2026_4Mesh/test_PAPER_Mar2026_BASE_4Mesh_mean1_1.8e+09_std1_0.25/threshold_1.0,0.125,-0.0001961168856638,0.25,0.3373908913270552,0.0015607602245621042,0.0046259702460347595
